2026-04-11 09:31:46.663605,75,83,26
2026-04-11 09:31:48.670410,84,89,36
2026-04-11 09:31:50.676509,45,24,28
2026-04-11 09:31:52.686562,50,71,28
2026-04-11 09:31:54.690547,99,72,29
2026-04-11 09:31:56.694275,69,75,39
2026-04-11 09:31:58.702270,28,120,34
2026-04-11 09:32:00.930819,20,73,49
2026-04-11 09:32:02.941679,76,32,54
2026-04-11 09:32:04.955677,22,102,27
2026-04-11 09:32:06.958095,63,78,56
2026-04-11 09:32:08.969078,59,3,49
2026-04-11 09:32:10.970215,53,108,60
2026-04-11 09:32:12.977998,28,43,56
2026-04-11 09:32:15.009723,36,49,30
2026-04-11 09:32:17.021374,65,67,60
2026-04-11 09:32:19.035425,56,119,34
2026-04-11 09:32:21.078111,77,120,56
2026-04-11 09:32:23.083308,77,105,27
2026-04-11 09:32:25.098468,49,17,44
2026-04-11 09:32:27.104813,75,92,31
2026-04-11 09:32:29.104927,48,84,57
2026-04-11 09:32:31.119667,22,101,57
2026-04-11 09:32:33.133338,77,22,51
2026-04-11 09:32:35.142314,84,104,48
2026-04-11 09:32:37.155486,82,48,30
2026-04-11 09:32:39.160214,28,90,25
2026-04-11 09:32:41.167901,59,9,33
2026-04-11 09:32:43.179532,95,48,35
2026-04-11 09:32:45.203138,64,69,52
2026-04-11 09:32:47.204425,23,65,32
2026-04-11 09:32:49.218429,84,23,25
2026-04-11 09:32:51.223842,67,71,57
2026-04-11 09:32:53.232756,50,34,28
2026-04-11 09:32:55.246154,83,5,26
2026-04-11 09:32:57.249265,25,58,54
2026-04-11 09:32:59.251098,55,7,32
2026-04-11 09:33:01.264773,99,114,38
2026-04-11 09:33:03.271469,27,108,60
2026-04-11 09:33:05.306146,84,59,49
2026-04-11 09:33:07.320340,49,100,46
2026-04-11 09:33:09.321052,43,79,28
2026-04-11 09:33:11.328359,65,114,52
2026-04-11 09:33:13.329443,98,104,26
2026-04-11 09:33:15.336010,46,107,59
2026-04-11 09:33:17.350814,39,50,53
2026-04-11 09:33:19.351890,20,78,37
2026-04-11 09:33:21.383924,80,33,52
2026-04-11 09:33:23.385525,20,17,42
2026-04-11 09:33:25.407863,49,26,27
2026-04-11 09:33:27.421910,62,99,57
2026-04-11 09:33:29.435950,94,81,40
2026-04-11 09:33:31.437016,97,109,53
2026-04-11 09:33:33.441155,21,68,56
2026-04-11 09:33:35.443265,80,52,28
2026-04-11 09:33:37.446838,48,89,34
2026-04-11 09:33:39.460251,56,28,29
2026-04-11 09:33:41.465559,62,65,30
2026-04-11 09:33:43.479822,82,104,32
2026-04-11 09:33:45.484711,23,93,41
2026-04-11 09:33:47.491482,99,11,38
2026-04-11 09:33:49.504935,72,77,34
2026-04-11 09:33:51.518285,91,33,36
2026-04-11 09:33:53.529374,21,70,41
2026-04-11 09:33:55.534395,92,109,33
2026-04-11 09:33:57.545674,76,31,40
2026-04-11 09:33:59.557371,67,117,30
2026-04-11 09:34:01.566116,73,61,48
2026-04-11 09:34:03.575628,80,29,49
2026-04-11 09:34:05.581135,87,120,44
2026-04-11 09:34:07.607610,49,114,27
2026-04-11 09:34:09.612323,38,63,41
2026-04-11 09:34:11.625067,53,37,27
2026-04-11 09:34:13.635145,95,16,60
2026-04-11 09:34:15.638685,74,53,32
2026-04-11 09:34:17.646382,40,59,58
2026-04-11 09:34:19.648819,72,9,39
2026-04-11 09:34:21.663814,92,68,27
2026-04-11 09:34:23.672498,85,7,42
2026-04-11 09:34:25.679618,67,86,36
2026-04-11 09:34:27.691890,54,74,27
2026-04-11 09:34:29.698743,22,54,31
2026-04-11 09:34:31.714746,26,102,41
2026-04-11 09:34:33.720726,29,112,32
2026-04-11 09:34:35.734529,58,27,25
2026-04-11 09:34:37.736897,68,110,45
2026-04-11 09:34:39.742373,36,85,54
2026-04-11 09:34:41.752380,47,26,33
2026-04-11 09:34:43.754600,45,47,52
2026-04-11 09:34:45.775017,34,41,59
2026-04-11 09:34:47.811595,94,88,37
2026-04-11 09:34:49.827852,28,57,54
2026-04-11 09:34:51.829545,77,14,40
2026-04-11 09:34:53.834106,69,2,59
2026-04-11 09:34:55.834693,34,8,41
2026-04-11 09:34:57.842203,85,91,54
2026-04-11 09:34:59.849902,75,9,28
2026-04-11 09:35:01.852363,76,41,51
2026-04-11 09:35:03.855742,39,114,51
2026-04-11 09:35:05.867397,40,97,29
2026-04-11 09:35:07.876356,43,112,35
2026-04-11 09:35:09.893079,50,9,28
2026-04-11 09:35:11.906526,21,17,48
2026-04-11 09:35:13.920817,57,41,60
2026-04-11 09:35:15.929798,62,11,32
2026-04-11 09:35:17.937677,47,54,53
2026-04-11 09:35:19.951878,65,45,32
2026-04-11 09:35:21.953877,45,73,54
2026-04-11 09:35:23.967918,37,68,58
2026-04-11 09:35:25.980713,28,112,51
2026-04-11 09:35:27.989950,30,87,34
2026-04-11 09:35:29.998215,69,108,52
2026-04-11 09:35:32.005873,75,39,30
2026-04-11 09:35:34.007926,54,111,55
2026-04-11 09:35:36.021268,57,31,59
2026-04-11 09:35:38.029496,67,41,48
2026-04-11 09:35:40.057598,96,54,56
2026-04-11 09:35:42.078290,93,27,44
2026-04-11 09:35:44.094780,78,73,53
2026-04-11 09:35:46.102556,92,40,57
2026-04-11 09:35:48.396930,90,0,41
2026-04-11 09:35:50.408809,23,28,45
2026-04-11 09:35:52.411563,57,86,25
2026-04-11 09:35:54.428988,44,35,40
2026-04-11 09:35:56.430390,60,34,54
2026-04-11 09:35:58.483481,24,20,41
2026-04-11 09:36:00.484350,80,108,49
2026-04-11 09:36:02.491207,20,11,29
2026-04-11 09:36:04.499380,78,72,56
2026-04-11 09:36:06.510472,55,36,30
2026-04-11 09:36:08.519152,50,118,44
2026-04-11 09:36:10.530813,74,79,48
2026-04-11 09:36:12.535037,52,35,28
2026-04-11 09:36:14.606167,94,39,52
2026-04-11 09:36:16.615216,51,48,42
2026-04-11 09:36:18.628696,57,113,38
2026-04-11 09:36:20.640515,79,72,50
2026-04-11 09:36:22.646647,83,14,35
2026-04-11 09:36:24.660592,68,115,37
2026-04-11 09:36:26.670763,64,17,36
2026-04-11 09:36:28.683093,64,50,58
2026-04-11 09:36:30.695000,92,57,48
2026-04-11 09:36:32.698781,62,93,57
2026-04-11 09:36:34.700990,88,11,42
2026-04-11 09:36:36.708586,70,83,60
2026-04-11 09:36:38.717884,83,37,46
2026-04-11 09:36:40.720260,71,115,51
2026-04-11 09:36:42.735213,91,26,56
2026-04-11 09:36:44.742388,39,74,37
2026-04-11 09:36:46.753790,29,47,58
2026-04-11 09:36:48.766648,26,7,42
2026-04-11 09:36:50.784107,97,3,51
2026-04-11 09:36:52.796284,50,5,26
2026-04-11 09:36:54.804597,95,97,57
2026-04-11 09:36:56.811013,42,117,45
2026-04-11 09:36:58.820124,25,104,47
2026-04-11 09:37:00.825760,26,51,32
2026-04-11 09:37:02.828133,89,70,46
2026-04-11 09:37:04.831537,73,47,27
2026-04-11 09:37:06.844159,99,88,53
2026-04-11 09:37:08.851069,78,73,57
2026-04-11 09:37:10.867529,63,119,38
2026-04-11 09:37:11.572862,37,68,35
2026-04-11 09:37:12.871865,37,68,29
2026-04-11 09:37:13.714399,71,44,56
2026-04-11 09:37:14.895667,61,108,34
2026-04-11 09:37:15.722093,23,82,27
2026-04-11 09:37:16.937775,93,78,36
2026-04-11 09:37:17.725785,28,44,51
2026-04-11 09:37:18.948652,46,116,56
2026-04-11 09:37:19.727549,80,45,57
2026-04-11 09:37:20.957437,63,13,51
2026-04-11 09:37:21.737601,36,120,29
2026-04-11 09:37:22.971504,73,101,33
2026-04-11 09:37:23.750303,92,38,58
2026-04-11 09:37:24.986449,82,26,27
2026-04-11 09:37:25.765535,100,39,42
2026-04-11 09:37:26.997951,88,70,41
2026-04-11 09:37:27.766789,28,110,27
2026-04-11 09:37:28.999340,64,11,53
2026-04-11 09:37:29.780882,68,100,57
2026-04-11 09:37:31.010195,91,92,52
2026-04-11 09:37:31.792212,95,16,39
2026-04-11 09:37:33.023894,40,31,45
2026-04-11 09:37:33.806593,82,108,30
2026-04-11 09:37:35.038869,77,17,53
2026-04-11 09:37:35.822613,71,53,44
2026-04-11 09:37:37.055953,81,53,49
2026-04-11 09:37:37.825752,84,69,52
2026-04-11 09:37:39.063138,89,69,43
2026-04-11 09:37:39.827182,53,106,37
2026-04-11 09:37:41.069894,49,89,60
2026-04-11 09:37:41.836691,60,52,56
2026-04-11 09:37:43.077230,96,98,27
2026-04-11 09:37:43.838601,76,83,25
2026-04-11 09:37:45.079246,50,29,60
2026-04-11 09:37:45.846346,93,107,34
2026-04-11 09:37:47.090253,86,28,60
2026-04-11 09:37:47.855152,91,33,45
2026-04-11 09:37:49.097047,90,34,37
2026-04-11 09:37:49.865188,69,10,27
2026-04-11 09:37:51.101442,62,90,55
2026-04-11 09:37:51.879910,53,78,25
2026-04-11 09:37:53.109952,71,31,28
2026-04-11 09:37:53.890654,50,60,41
2026-04-11 09:37:55.125760,31,5,47
2026-04-11 09:37:55.893771,82,35,57
2026-04-11 09:37:57.141674,54,115,45
2026-04-11 09:37:57.897063,92,37,58
2026-04-11 09:37:59.145292,51,13,50
2026-04-11 09:37:59.910268,73,66,39
2026-04-11 09:38:01.156599,24,68,60
2026-04-11 09:38:01.919692,96,68,29
2026-04-11 09:38:03.169005,71,74,58
2026-04-11 09:38:03.933115,70,73,26
2026-04-11 09:38:05.173723,45,38,45
2026-04-11 09:38:05.936715,27,116,52
2026-04-11 09:38:07.183054,75,9,46
2026-04-11 09:38:07.947695,55,32,33
2026-04-11 09:38:09.191811,40,115,42
2026-04-11 09:38:09.952329,56,105,53
2026-04-11 09:38:11.201936,29,29,30
2026-04-11 09:38:11.963663,56,57,59
2026-04-11 09:38:13.208980,99,76,29
2026-04-11 09:38:13.973775,32,108,26
2026-04-11 09:38:15.220975,51,91,25
2026-04-11 09:38:15.979657,72,53,58
2026-04-11 09:38:17.232980,76,15,55
2026-04-11 09:38:17.994900,98,107,31
2026-04-11 09:38:19.247409,22,103,32
2026-04-11 09:38:20.004841,59,89,60
2026-04-11 09:38:21.265931,90,90,55
2026-04-11 09:38:22.007215,96,64,25
2026-04-11 09:38:23.275270,71,105,50
2026-04-11 09:38:24.020813,93,63,28
2026-04-11 09:38:25.281702,88,90,30
2026-04-11 09:38:26.022104,88,20,41
2026-04-11 09:38:27.291368,97,71,43
2026-04-11 09:38:28.025441,22,44,31
2026-04-11 09:38:29.319013,46,52,41
2026-04-11 09:38:30.041373,61,53,41
2026-04-11 09:38:31.326433,57,73,55
2026-04-11 09:38:32.048307,41,30,51
2026-04-11 09:38:33.340166,84,109,56
2026-04-11 09:38:34.076519,35,9,59
2026-04-11 09:38:35.341311,71,84,54
2026-04-11 09:38:36.085915,24,38,26
2026-04-11 09:38:37.349444,84,51,39
2026-04-11 09:38:38.137127,35,29,31
2026-04-11 09:38:39.357481,43,66,46
2026-04-11 09:38:40.144243,76,86,45
2026-04-11 09:38:41.363812,67,23,32
2026-04-11 09:38:42.159643,86,64,46
2026-04-11 09:38:43.375721,44,108,25
2026-04-11 09:38:44.170863,36,18,41
2026-04-11 09:38:45.380903,75,15,51
2026-04-11 09:38:46.174284,53,11,53
2026-04-11 09:38:47.393823,50,44,51
2026-04-11 09:38:48.188656,28,11,60
2026-04-11 09:38:49.398069,27,98,32
2026-04-11 09:38:50.198305,62,114,58
2026-04-11 09:38:51.409159,82,47,57
2026-04-11 09:38:52.207709,25,93,60
2026-04-11 09:38:53.418698,96,2,59
2026-04-11 09:38:54.213521,62,101,26
2026-04-11 09:38:55.424404,97,39,43
2026-04-11 09:38:56.218586,84,69,53
2026-04-11 09:38:57.427423,70,54,45
2026-04-11 09:38:58.225561,79,69,48
2026-04-11 09:38:59.447030,98,44,55
2026-04-11 09:39:00.238714,67,113,33
2026-04-11 09:39:01.460536,88,95,30
2026-04-11 09:39:02.239852,20,1,42
2026-04-11 09:39:03.477778,47,101,32
2026-04-11 09:39:04.242294,94,34,46
2026-04-11 09:39:05.492148,74,105,26
2026-04-11 09:39:06.243284,70,119,39
2026-04-11 09:39:07.496689,68,80,34
2026-04-11 09:39:08.249549,75,27,52
2026-04-11 09:39:09.510838,78,21,46
2026-04-11 09:39:10.260735,68,118,52
2026-04-11 09:39:11.511558,55,95,40
2026-04-11 09:39:12.275484,29,88,59
2026-04-11 09:39:13.522283,46,115,54
2026-04-11 09:39:14.277910,65,39,57
2026-04-11 09:39:15.526709,69,12,57
2026-04-11 09:39:16.294735,96,24,49
2026-04-11 09:39:17.528260,37,107,48
2026-04-11 09:39:18.299337,99,68,44
2026-04-11 09:39:19.532161,38,120,51
2026-04-11 09:39:20.302115,78,118,56
2026-04-11 09:39:21.536360,20,14,37
2026-04-11 09:39:22.318072,67,92,48
2026-04-11 09:39:23.543704,51,41,38
2026-04-11 09:39:24.328161,51,52,40
2026-04-11 09:39:25.555576,43,103,46
2026-04-11 09:39:26.343881,56,59,40
2026-04-11 09:39:27.561142,85,31,27
2026-04-11 09:39:28.344947,53,81,55
2026-04-11 09:39:29.565483,27,33,33
2026-04-11 09:39:30.354731,93,70,36
2026-04-11 09:39:31.572756,39,1,26
2026-04-11 09:39:32.363081,79,109,26
2026-04-11 09:39:33.576774,53,72,29
2026-04-11 09:39:34.378535,82,93,31
2026-04-11 09:39:35.607640,20,57,28
2026-04-11 09:39:36.394450,96,8,48
2026-04-11 09:39:37.612174,93,82,38
2026-04-11 09:39:38.410383,78,72,34
2026-04-11 09:39:39.628651,81,101,33
2026-04-11 09:39:40.429306,23,82,25
2026-04-11 09:39:41.645563,79,28,58
2026-04-11 09:39:42.440442,24,93,48
2026-04-11 09:39:43.646296,58,82,49
2026-04-11 09:39:44.443508,68,79,30
2026-04-11 09:39:45.651158,42,36,38
2026-04-11 09:39:46.458531,50,108,35
2026-04-11 09:39:47.658995,90,49,54
2026-04-11 09:39:48.466647,58,87,43
2026-04-11 09:39:49.669549,26,65,44
2026-04-11 09:39:50.471218,93,11,30
2026-04-11 09:39:51.679977,89,87,57
2026-04-11 09:39:52.478608,47,20,49
2026-04-11 09:39:53.702987,39,109,52
2026-04-11 09:39:54.486437,53,25,30
2026-04-11 09:39:55.712732,91,119,31
2026-04-11 09:39:57.725740,75,32,42
2026-04-11 09:39:59.727499,70,20,50
2026-04-11 09:41:56.047215,65,94,53
2026-04-11 09:41:58.059722,58,6,32
2026-04-11 09:42:00.059912,65,67,31
2026-04-11 09:42:02.067720,33,35,44
2026-04-11 09:42:04.083615,21,53,48
2026-04-11 09:42:06.098935,81,32,40
2026-04-11 09:42:08.102240,55,9,45
2026-04-11 09:42:10.118709,32,71,29
2026-04-11 09:42:12.130658,38,61,26
2026-04-11 09:42:14.143373,77,60,25
2026-04-11 09:42:16.158139,21,7,35
2026-04-11 09:42:18.161297,77,32,30
2026-04-11 09:42:20.163409,87,100,57
2026-04-11 09:42:22.178712,93,102,60
2026-04-11 09:42:24.190613,87,33,32
2026-04-11 09:42:26.205326,95,22,37
2026-04-11 09:42:28.215187,99,58,49
2026-04-11 09:42:30.231355,76,41,51
2026-04-11 09:42:32.234196,59,22,35
2026-04-11 09:42:34.250737,26,120,32
2026-04-11 09:42:36.265384,61,116,52
2026-04-11 09:42:38.280253,99,95,43
2026-04-11 09:42:40.294460,21,58,45
2026-04-11 09:42:42.307557,74,88,59
2026-04-11 09:42:44.320852,84,71,46
2026-04-11 09:42:46.334175,39,80,34
2026-04-11 09:42:48.335281,69,3,29
2026-04-11 09:42:50.341540,51,67,27
2026-04-11 09:42:52.353554,48,52,37
2026-04-11 09:42:54.368063,82,20,40
2026-04-11 09:42:56.384055,75,66,60
2026-04-11 09:42:58.393889,25,64,42
2026-04-11 09:43:00.408365,86,84,34
2026-04-11 09:43:02.424006,36,93,33
2026-04-11 09:43:04.441021,50,91,40
2026-04-11 09:43:06.452113,67,88,52
2026-04-11 09:43:08.462020,74,44,60
2026-04-11 09:43:10.474290,82,10,53
2026-04-11 09:43:12.488731,52,29,58
2026-04-11 09:43:14.504846,61,96,57
2026-04-11 09:43:16.520506,92,25,30
2026-04-11 09:43:18.525199,71,5,49
2026-04-11 09:43:20.537839,85,65,30
2026-04-11 09:43:22.554206,33,34,57
2026-04-11 09:43:24.568481,51,6,52
2026-04-11 09:43:26.581980,40,29,34
2026-04-11 09:43:28.593426,33,105,60
2026-04-11 09:43:30.598106,53,100,35
2026-04-11 09:43:32.599016,93,98,35
2026-04-11 09:43:34.607272,70,38,50
2026-04-11 09:43:36.621770,76,86,29
2026-04-11 09:43:38.623506,89,70,26
2026-04-11 09:43:40.636294,48,47,41
2026-04-11 09:43:42.653359,84,15,58
2026-04-11 09:43:44.668865,42,30,31
2026-04-11 09:43:46.686106,20,88,34
2026-04-11 09:43:48.701432,42,77,44
2026-04-11 09:43:50.717208,55,94,28
2026-04-11 09:43:52.730751,29,35,44
2026-04-11 09:43:54.745474,51,67,36
2026-04-11 09:43:56.761835,56,0,54
2026-04-11 09:43:58.774578,53,120,45
2026-04-11 09:44:00.785773,94,68,33
2026-04-11 09:44:02.792113,23,18,46
2026-04-11 09:44:04.801250,58,56,46
2026-04-11 09:44:47.731329,91,34,40
2026-04-11 09:44:49.751436,20,120,45
2026-04-11 09:44:51.758545,79,102,27
2026-04-11 09:44:53.768954,69,0,28
2026-04-11 09:44:55.780508,87,95,31
2026-04-11 09:44:57.793688,69,69,43
2026-04-11 09:44:59.798736,50,117,50
2026-04-11 09:45:01.809888,58,80,59
2026-04-11 09:45:03.822505,62,88,59
2026-04-11 09:45:05.834105,36,64,29
2026-04-11 09:45:07.846266,81,39,40
2026-04-11 09:45:09.852302,72,35,43
2026-04-11 09:45:11.853074,86,110,56
2026-04-11 09:45:13.853604,76,44,29
2026-04-11 09:45:15.868505,82,42,52
2026-04-11 09:45:17.872339,65,115,25
2026-04-11 09:45:19.874262,87,55,59
2026-04-11 09:45:21.877131,75,31,52
2026-04-11 09:45:23.885458,74,50,30
2026-04-11 09:45:25.889595,33,62,32
2026-04-11 09:45:27.897760,100,22,60
2026-04-11 09:45:29.909939,90,38,47
2026-04-11 09:45:31.912047,84,54,49
2026-04-11 09:45:33.924790,39,103,60
2026-04-11 09:45:35.941071,61,34,50
2026-04-11 09:45:37.958163,97,67,41
2026-04-11 09:45:39.973758,22,1,45
2026-04-11 09:45:41.977896,50,83,53
2026-04-11 09:45:43.990060,29,82,52
2026-04-11 09:45:46.000459,86,12,49
2026-04-11 09:45:48.002251,26,95,37
2026-04-11 09:45:50.002635,20,101,37
2026-04-11 09:45:52.003469,83,34,58
2026-04-11 09:45:54.009252,48,27,40
2026-04-11 09:45:56.019998,88,10,60
2026-04-11 09:45:58.033653,51,102,46
2026-04-11 09:46:00.036564,87,79,39
2026-04-11 09:46:02.038549,37,16,30
2026-04-11 09:46:04.054333,93,87,31
2026-04-11 09:46:06.063464,63,106,54
2026-04-11 09:46:08.066903,44,34,34
2026-04-11 09:46:10.083651,62,57,53
2026-04-11 09:46:12.104504,63,8,49
2026-04-11 09:46:14.120101,48,30,51
2026-04-11 09:46:16.123463,97,66,58
2026-04-11 09:46:18.131389,82,32,29
2026-04-11 09:46:20.149198,73,104,48
2026-04-11 09:46:22.150091,20,64,44
2026-04-11 09:46:24.157879,73,105,48
2026-04-11 09:46:26.165771,68,64,31
2026-04-11 09:46:28.170129,76,100,51
2026-04-11 09:46:30.192414,97,23,30
2026-04-11 09:46:32.196871,34,16,45
2026-04-11 09:46:34.209673,56,98,44
2026-04-11 09:46:36.215676,60,88,51
2026-04-11 09:46:38.217640,72,97,34
2026-04-11 09:46:40.223876,39,19,35
2026-04-11 09:46:42.229495,31,64,34
2026-04-11 09:46:44.240465,74,110,40
2026-04-11 09:46:46.241520,78,67,34
2026-04-11 09:46:48.257549,90,39,31
2026-04-11 09:46:50.277156,37,21,60
2026-04-11 09:46:52.292935,74,79,42
2026-04-11 09:46:54.298900,32,1,54
2026-04-11 09:46:56.304880,51,77,56
2026-04-11 09:46:58.306848,65,79,36
2026-04-11 09:47:00.313695,39,59,26
2026-04-11 09:47:02.337936,60,93,39
2026-04-11 09:47:04.354591,41,118,38
2026-04-11 09:47:06.371422,31,38,30
2026-04-11 09:47:08.376911,37,73,31
2026-04-11 09:47:10.397888,56,51,28
2026-04-11 09:47:12.402320,44,61,29
2026-04-11 09:47:14.403472,86,81,34
2026-04-11 09:47:16.414706,56,116,50
2026-04-11 09:47:18.429932,36,112,33
2026-04-11 09:47:20.444269,95,106,51
2026-04-11 09:47:22.458132,32,114,25
2026-04-11 09:47:24.459674,86,118,53
2026-04-11 09:47:26.465757,82,26,29
2026-04-11 09:47:28.471876,50,4,53
2026-04-11 09:47:30.475852,96,120,39
2026-04-11 09:47:32.488284,39,111,37
2026-04-11 09:47:34.514113,69,75,54
2026-04-11 09:47:36.522502,94,111,37
2026-04-11 09:47:38.527509,67,66,51
2026-04-11 09:47:40.583174,40,86,57
2026-04-11 09:47:42.610618,65,11,58
2026-04-11 09:47:44.639855,22,20,39
2026-04-11 09:47:46.654601,44,81,30
2026-04-11 09:47:48.659044,65,69,52
2026-04-11 09:47:50.663516,38,67,47
2026-04-11 09:47:52.672371,30,56,36
2026-04-11 09:47:54.676726,64,0,56
2026-04-11 09:47:56.684216,74,42,49
2026-04-11 09:47:58.690763,25,45,28
2026-04-11 09:48:00.692531,33,113,58
2026-04-11 09:48:02.704878,74,58,31
2026-04-11 09:48:04.706944,66,87,27
2026-04-11 09:48:06.713223,81,99,34
2026-04-11 09:48:08.729049,75,29,26
2026-04-11 09:48:10.737228,65,81,57
2026-04-11 09:48:12.741311,32,13,49
2026-04-11 09:48:14.748829,24,60,27
2026-04-11 09:48:16.767596,25,27,39
2026-04-11 09:48:18.783147,31,52,47
2026-04-11 09:48:20.787474,23,69,58
2026-04-11 09:48:22.789712,32,65,39
2026-04-11 09:48:24.793834,85,3,38
2026-04-11 09:48:26.799204,70,53,52
2026-04-11 09:48:28.807542,65,89,57
2026-04-11 09:48:30.812141,70,50,34
2026-04-11 09:48:32.820957,92,33,29
2026-04-11 09:48:34.826586,69,72,28
2026-04-11 09:48:36.837089,31,12,42
2026-04-11 09:48:38.838981,82,34,46
2026-04-11 09:48:40.845697,93,94,51
2026-04-11 09:48:42.849526,77,95,39
2026-04-11 09:48:44.855858,41,112,47
2026-04-11 09:48:46.860650,90,114,38
2026-04-11 09:48:48.865283,37,118,33
2026-04-11 09:48:50.867092,27,94,52
2026-04-11 09:48:52.875063,88,93,53
2026-04-11 09:48:54.903939,22,11,53
2026-04-11 09:48:56.911779,99,47,42
2026-04-11 09:48:58.916078,50,3,50
2026-04-11 09:49:00.918492,75,32,30
2026-04-11 09:49:02.924165,45,30,40
2026-04-11 09:49:04.934992,79,38,58
2026-04-11 09:49:06.936758,93,98,37
2026-04-11 09:49:08.944582,42,91,42
2026-04-11 09:49:10.950847,69,83,35
2026-04-11 09:49:12.961200,78,107,32
2026-04-11 09:49:14.965936,75,118,60
2026-04-11 09:49:16.969421,53,108,49
2026-04-11 09:49:18.970915,54,49,58
2026-04-11 09:49:20.976152,23,107,28
2026-04-11 09:49:22.978806,76,95,33
2026-04-11 09:49:24.981874,34,3,50
2026-04-11 09:49:26.991881,80,73,33
2026-04-11 09:49:28.993608,93,114,56
2026-04-11 09:49:31.006096,88,27,26
2026-04-11 09:49:33.018512,37,115,50
2026-04-11 09:49:35.019526,71,8,34
2026-04-11 09:49:37.029259,54,26,39
2026-04-11 09:49:39.044192,93,17,39
2026-04-11 09:49:41.048935,29,97,33
2026-04-11 09:49:43.060584,27,115,37
2026-04-11 09:49:45.070275,20,56,27
2026-04-11 09:49:47.083615,42,98,51
2026-04-11 09:49:49.087774,31,0,38
2026-04-11 09:49:51.088625,70,47,42
2026-04-11 09:49:53.106970,68,74,42
2026-04-11 09:49:55.115752,82,71,54
2026-04-11 09:49:57.121474,23,92,40
2026-04-11 09:49:59.122449,35,79,54
2026-04-11 09:50:01.134198,47,7,54
2026-04-11 09:50:03.140152,53,97,54
2026-04-11 09:50:05.144960,34,6,33
2026-04-11 09:50:07.157590,48,48,27
2026-04-11 09:50:09.164181,33,32,41
2026-04-11 09:50:11.180308,84,103,32
2026-04-11 09:50:13.193351,72,41,52
2026-04-11 09:50:15.194247,85,104,33
2026-04-11 09:50:17.195842,83,58,56
2026-04-11 09:50:19.202214,27,111,38
2026-04-11 09:50:21.210073,83,12,25
2026-04-11 09:50:23.211562,94,112,57
2026-04-11 09:50:25.212532,24,115,34
2026-04-11 09:50:27.220101,68,103,49
2026-04-11 09:50:29.230638,67,8,48
2026-04-11 09:50:31.240955,28,34,50
2026-04-11 09:50:33.242957,67,60,32
2026-04-11 09:50:35.244401,55,43,54
2026-04-11 09:50:37.263034,27,82,38
2026-04-11 09:50:39.277777,29,105,34
2026-04-11 09:50:41.289618,69,107,59
2026-04-11 09:50:43.296923,54,46,26
2026-04-11 09:50:45.308364,81,73,43
2026-04-11 09:50:47.313105,49,23,31
2026-04-11 09:50:49.318568,56,61,52
2026-04-11 09:50:51.329104,58,23,59
2026-04-11 09:50:53.335823,81,114,58
2026-04-11 09:50:55.341565,95,115,38
2026-04-11 09:50:57.350057,91,2,52
2026-04-11 09:50:59.357982,60,84,30
2026-04-11 09:51:01.365286,59,35,42
2026-04-11 09:51:03.368260,20,25,40
2026-04-11 09:51:05.376336,54,102,47
2026-04-11 09:51:07.381001,95,71,32
2026-04-11 09:51:09.392757,85,52,46
2026-04-11 09:51:11.394558,51,5,35
2026-04-11 09:51:13.397025,62,107,58
2026-04-11 09:51:15.408661,39,8,43
2026-04-11 09:51:17.424324,34,104,41
2026-04-11 09:51:19.432349,27,105,28
2026-04-11 09:51:21.434737,74,16,39
2026-04-11 09:51:23.449810,36,86,34
2026-04-11 09:51:25.450844,64,50,37
2026-04-11 09:51:49.006193,27,43,40
2026-04-11 09:51:51.019377,61,83,33
2026-04-11 09:51:53.029378,31,31,49
2026-04-11 09:51:55.028870,26,27,47
2026-04-11 09:51:57.053028,41,100,52
2026-04-11 09:51:59.066935,86,60,31
2026-04-11 09:52:01.084925,100,85,58
2026-04-11 09:52:03.096294,47,115,33
2026-04-11 09:52:05.099690,86,107,47
2026-04-11 09:52:07.101275,91,63,59
2026-04-11 09:52:09.118102,87,7,29
2026-04-11 09:52:11.131100,68,114,38
2026-04-11 09:52:13.141811,94,66,44
2026-04-11 09:52:15.150479,53,17,58
2026-04-11 09:52:17.164306,20,21,33
2026-04-11 09:52:19.169768,53,89,26
2026-04-11 09:52:21.181310,43,11,57
2026-04-11 09:52:23.189928,57,76,53
2026-04-11 09:52:25.255636,97,22,48
2026-04-11 09:52:27.268419,49,13,51
2026-04-11 09:52:29.271166,83,40,29
2026-04-11 09:52:31.272606,36,76,42
2026-04-11 09:52:33.286741,46,96,27
2026-04-11 09:52:35.305074,93,51,47
2026-04-11 09:52:37.315600,50,7,44
2026-04-11 09:52:39.318746,29,36,37
2026-04-11 09:52:41.327657,50,4,50
2026-04-11 09:52:43.340039,80,86,34
2026-04-11 09:52:45.350059,29,96,45
2026-04-11 09:52:47.365925,31,88,56
2026-04-11 09:52:49.368951,34,95,39
2026-04-11 09:52:51.379813,56,117,50
2026-04-11 09:52:53.394522,94,32,38
2026-04-11 09:52:55.423063,66,90,27
2026-04-11 09:52:57.427762,47,5,53
2026-04-11 09:52:59.441123,40,25,45
2026-04-11 09:53:01.451465,72,74,51
2026-04-11 09:53:03.461652,49,92,41
2026-04-11 09:53:05.471228,87,61,37
2026-04-11 09:53:07.477722,42,120,45
2026-04-11 09:53:09.478962,66,19,38
2026-04-11 09:53:11.485218,64,113,48
2026-04-11 09:53:13.486155,91,13,37
2026-04-11 09:53:15.504641,62,62,52
2026-04-11 09:53:17.514448,43,102,30
2026-04-11 09:53:19.521625,33,60,54
2026-04-11 09:53:21.530868,46,50,27
2026-04-11 09:53:23.546209,79,54,35
2026-04-11 09:53:25.554387,63,80,48
2026-04-11 09:53:27.568864,58,98,55
2026-04-11 09:53:29.572528,25,79,39
2026-04-11 09:53:31.601690,91,115,59
2026-04-11 09:53:33.604705,33,17,38
2026-04-11 09:53:35.614992,74,32,51
2026-04-11 09:53:37.616543,26,16,51
2026-04-11 09:53:39.621902,44,40,37
2026-04-11 09:53:41.631883,85,75,44
2026-04-11 09:53:43.633387,47,88,26
2026-04-11 09:53:45.647245,49,37,48
2026-04-11 09:53:47.659057,48,104,41
2026-04-11 09:53:49.669033,69,46,45
2026-04-11 09:53:51.687807,42,76,31
2026-04-11 09:53:53.694328,90,101,29
2026-04-11 09:53:55.709581,96,31,41
2026-04-11 09:53:57.723913,21,15,25
2026-04-11 09:53:59.733856,64,82,31
2026-04-11 09:54:01.744998,52,82,38
2026-04-11 09:54:03.750432,61,54,39
2026-04-11 09:54:05.753891,66,3,27
2026-04-11 09:54:07.761692,26,70,35
2026-04-11 09:54:09.770972,44,19,36
2026-04-11 09:54:11.775761,29,108,33
2026-04-11 09:54:13.783829,62,98,41
2026-04-11 09:54:15.788248,47,77,57
2026-04-11 09:54:17.794798,54,39,28
2026-04-11 09:54:19.812768,61,115,59
2026-04-11 09:54:21.822135,36,102,38
2026-04-11 09:54:23.826210,41,70,40
2026-04-11 09:54:25.829065,20,43,51
2026-04-11 09:54:27.835438,81,49,57
2026-04-11 09:54:29.845675,98,120,55
2026-04-11 09:54:31.846926,30,87,27
2026-04-11 09:54:33.852689,50,42,57
2026-04-11 09:54:35.895988,30,68,56
2026-04-11 09:54:37.905386,21,48,37
2026-04-11 09:54:39.930054,22,67,52
2026-04-11 09:54:41.932649,41,83,55
2026-04-11 09:54:43.940771,65,89,36
2026-04-11 09:54:45.941558,33,105,55
2026-04-11 09:54:47.955390,28,63,37
2026-04-11 09:54:50.048348,24,92,28
2026-04-11 09:54:52.056362,74,94,56
2026-04-11 09:54:54.068243,25,37,56
2026-04-11 09:54:56.075805,48,1,47
2026-04-11 09:54:58.077887,72,107,26
2026-04-11 09:55:00.119675,78,102,31
2026-04-11 09:55:02.128345,40,102,32
2026-04-11 09:55:04.212429,92,56,49
2026-04-11 09:55:06.221054,95,22,30
2026-04-11 09:55:07.801131,28,39,26
2026-04-11 09:55:08.228069,28,47,25
2026-04-11 09:55:09.822263,23,99,44
2026-04-11 09:55:10.234274,54,86,32
2026-04-11 09:55:11.838789,69,74,51
2026-04-11 09:55:12.238652,89,61,50
2026-04-11 09:55:14.253008,89,25,52
2026-04-11 09:55:16.263927,91,34,34
2026-04-11 09:55:18.274676,61,102,34
2026-04-11 09:55:20.311787,56,103,47
2026-04-11 09:55:22.327112,56,8,26
2026-04-11 09:55:24.339051,85,81,40
2026-04-11 09:55:26.354570,34,14,45
2026-04-11 09:55:28.356050,77,24,45
2026-04-11 09:55:30.377276,99,26,43
2026-04-11 09:55:32.385715,47,107,50
2026-04-11 09:55:34.394869,73,119,48
2026-04-11 09:55:36.400262,84,34,42
2026-04-11 09:55:38.289870,61,71,51
2026-04-11 09:55:38.417493,59,68,47
2026-04-11 09:55:40.303036,35,60,32
2026-04-11 09:55:40.430944,23,52,38
2026-04-11 09:55:42.311964,75,120,31
2026-04-11 09:55:42.437896,32,19,25
2026-04-11 09:55:44.314145,89,19,39
2026-04-11 09:55:44.438981,98,102,31
2026-04-11 09:55:46.329873,63,45,33
2026-04-11 09:55:46.441484,26,56,47
2026-04-11 09:55:48.334758,95,6,57
2026-04-11 09:55:48.447406,100,20,56
2026-04-11 09:55:50.336996,22,39,38
2026-04-11 09:55:50.448391,44,28,26
2026-04-11 09:55:52.348535,76,64,35
2026-04-11 09:55:52.463473,97,22,44
2026-04-11 09:55:54.357974,59,112,45
2026-04-11 09:55:54.468843,99,29,45
2026-04-11 09:55:56.377462,80,89,34
2026-04-11 09:55:56.482967,96,95,31
2026-04-11 09:55:58.435822,75,5,35
2026-04-11 09:55:58.486326,86,108,59
2026-04-11 09:56:00.447094,27,105,49
2026-04-11 09:56:00.503089,85,20,35
2026-04-11 09:56:02.455955,45,85,52
2026-04-11 09:56:02.519220,97,78,35
2026-04-11 09:56:04.466975,49,39,27
2026-04-11 09:56:04.521100,23,20,25
2026-04-11 09:56:06.469744,46,102,52
2026-04-11 09:56:06.529360,27,48,55
2026-04-11 09:56:08.516721,83,91,36
2026-04-11 09:56:08.538667,45,109,51
2026-04-11 09:56:10.518640,35,51,46
2026-04-11 09:56:10.550736,97,60,36
2026-04-11 09:56:12.519868,84,100,35
2026-04-11 09:56:12.553045,89,34,32
2026-04-11 09:56:14.529536,56,100,60
2026-04-11 09:56:14.562487,57,30,54
2026-04-11 09:56:16.530600,94,76,31
2026-04-11 09:56:16.563441,54,106,37
2026-04-11 09:56:18.546178,60,65,54
2026-04-11 09:56:18.574624,46,15,58
2026-04-11 09:56:20.564314,71,45,51
2026-04-11 09:56:20.580882,93,48,35
2026-04-11 09:56:22.577562,28,83,54
2026-04-11 09:56:22.585931,68,120,60
2026-04-11 09:56:24.584995,35,77,39
2026-04-11 09:56:24.602690,38,98,57
2026-04-11 09:56:26.602996,36,37,56
2026-04-11 09:56:26.605448,57,2,51
2026-04-11 09:56:28.604359,23,85,38
2026-04-11 09:56:28.619179,69,116,52
2026-04-11 09:56:30.605326,98,79,45
2026-04-11 09:56:30.634322,65,37,53
2026-04-11 09:56:32.615262,90,25,60
2026-04-11 09:56:32.644861,23,115,36
2026-04-11 09:56:34.628667,91,118,52
2026-04-11 09:56:34.655764,89,8,60
2026-04-11 09:56:36.631290,65,14,37
2026-04-11 09:56:36.663820,60,65,33
2026-04-11 09:56:38.644469,63,72,47
2026-04-11 09:56:38.676537,48,50,35
2026-04-11 09:56:40.649893,57,105,26
2026-04-11 09:56:40.683193,99,17,44
2026-04-11 09:56:42.655565,53,54,32
2026-04-11 09:56:42.690740,96,77,28
2026-04-11 09:56:44.876121,81,65,33
2026-04-11 09:56:44.876633,35,94,27
2026-04-11 09:56:46.883989,85,60,47
2026-04-11 09:56:46.884178,74,120,43
2026-04-11 09:56:48.902255,60,90,59
2026-04-11 09:56:48.904350,78,92,42
2026-04-11 09:56:50.905154,51,54,34
2026-04-11 09:56:50.906662,31,110,33
2026-04-11 09:56:52.912038,73,16,29
2026-04-11 09:56:52.914503,73,26,59
2026-04-11 09:56:54.915707,43,10,31
2026-04-11 09:56:54.929896,78,33,26
2026-04-11 09:56:56.922440,28,44,25
2026-04-11 09:56:56.946112,45,2,31
2026-04-11 09:56:58.928840,23,45,44
2026-04-11 09:56:58.961509,96,24,59
2026-04-11 09:57:00.930146,21,11,50
2026-04-11 09:57:00.978365,32,53,60
2026-04-11 09:57:02.945866,100,78,42
2026-04-11 09:57:02.993755,75,38,50
2026-04-11 09:57:04.952595,73,76,45
2026-04-11 09:57:05.009202,85,61,28
2026-04-11 09:57:06.961740,62,115,29
2026-04-11 09:57:07.025564,57,38,37
2026-04-11 09:57:08.967494,30,8,53
2026-04-11 09:57:09.045634,35,38,26
2026-04-11 09:57:10.976013,25,95,48
2026-04-11 09:57:11.060726,62,45,47
2026-04-11 09:57:12.977460,77,100,58
2026-04-11 09:57:13.084224,58,53,29
2026-04-11 09:57:15.016891,96,16,44
2026-04-11 09:57:15.091442,73,65,32
2026-04-11 09:57:17.019093,89,38,56
2026-04-11 09:57:17.100258,83,38,45
2026-04-11 09:57:19.022604,79,21,48
2026-04-11 09:57:19.116873,77,12,25
2026-04-11 09:57:21.034028,76,68,31
2026-04-11 09:57:21.123679,37,60,55
2026-04-11 09:57:23.041812,41,101,42
2026-04-11 09:57:23.134167,57,95,38
2026-04-11 09:57:25.051979,56,9,56
2026-04-11 09:57:25.137250,64,55,34
2026-04-11 09:57:27.068050,88,72,43
2026-04-11 09:57:27.148685,58,111,46
2026-04-11 09:57:29.077210,67,95,46
2026-04-11 09:57:29.159572,28,20,49
2026-04-11 09:57:31.092133,71,41,31
2026-04-11 09:57:31.171072,78,69,44
2026-04-11 09:57:33.097129,25,93,60
2026-04-11 09:57:33.182461,26,70,57
2026-04-11 09:57:35.100970,46,15,29
2026-04-11 09:57:35.186408,26,44,42
2026-04-11 09:57:37.105531,61,88,27
2026-04-11 09:57:37.189423,42,28,31
2026-04-11 09:57:39.114146,66,101,29
2026-04-11 09:57:39.198432,34,10,34
2026-04-11 09:57:41.129500,57,8,57
2026-04-11 09:57:41.201661,35,53,37
2026-04-11 09:57:43.133077,92,6,42
2026-04-11 09:57:43.210169,95,80,52
2026-04-11 09:57:45.135765,32,67,44
2026-04-11 09:57:45.213460,25,48,35
2026-04-11 09:57:47.153305,24,93,26
2026-04-11 09:57:47.220585,20,37,59
2026-04-11 09:57:49.162810,55,73,50
2026-04-11 09:57:49.231856,63,110,34
2026-04-11 09:57:51.219320,29,76,41
2026-04-11 09:57:51.262215,90,117,32
2026-04-11 09:57:53.234081,87,102,34
2026-04-11 09:57:53.267423,29,61,39
2026-04-11 09:57:55.242552,96,85,29
2026-04-11 09:57:55.281511,29,75,31
2026-04-11 09:57:57.245462,91,13,25
2026-04-11 09:57:57.299009,29,117,40
2026-04-11 09:57:59.257417,91,4,27
2026-04-11 09:57:59.303973,52,88,45
2026-04-11 09:58:01.290557,94,83,53
2026-04-11 09:58:01.306268,90,17,53
2026-04-11 09:58:03.303852,87,30,57
2026-04-11 09:58:03.317076,35,23,25
2026-04-11 09:58:03.542007,68,17,56
2026-04-11 09:58:05.305815,76,25,32
2026-04-11 09:58:05.321233,50,39,31
2026-04-11 09:58:05.545578,69,78,42
2026-04-11 09:58:07.315772,29,5,36
2026-04-11 09:58:07.332092,47,56,31
2026-04-11 09:58:07.557170,50,25,38
2026-04-11 09:58:09.330129,69,4,40
2026-04-11 09:58:09.366923,58,87,28
2026-04-11 09:58:09.567741,75,108,39
2026-04-11 09:58:11.344766,20,67,34
2026-04-11 09:58:11.376214,73,95,25
2026-04-11 09:58:11.570038,50,114,46
2026-04-11 09:58:13.347774,29,8,44
2026-04-11 09:58:13.389122,48,47,38
2026-04-11 09:58:13.583932,36,67,25
2026-04-11 09:58:15.356363,85,39,32
2026-04-11 09:58:15.395961,87,35,39
2026-04-11 09:58:15.591878,81,22,26
2026-04-11 09:58:17.435293,80,58,26
2026-04-11 09:58:17.444919,46,54,38
2026-04-11 09:58:17.598395,67,98,53
2026-04-11 09:58:19.472328,99,0,54
2026-04-11 09:58:19.472429,20,40,31
2026-04-11 09:58:19.612271,27,72,58
2026-04-11 09:58:21.478607,43,57,27
2026-04-11 09:58:21.479716,46,3,26
2026-04-11 09:58:21.624433,49,45,52
2026-04-11 09:58:23.493609,43,91,29
2026-04-11 09:58:23.501334,59,71,30
2026-04-11 09:58:23.632216,49,32,54
2026-04-11 09:58:25.535307,35,111,38
2026-04-11 09:58:25.539453,28,28,53
2026-04-11 09:58:25.649300,51,98,38
2026-04-11 09:58:27.543232,76,119,39
2026-04-11 09:58:27.543480,37,7,39
2026-04-11 09:58:27.650847,75,17,41
2026-04-11 09:58:29.546406,51,45,33
2026-04-11 09:58:29.546904,36,97,59
2026-04-11 09:58:29.656614,60,16,33
2026-04-11 09:58:31.560898,25,46,29
2026-04-11 09:58:31.564067,70,91,44
2026-04-11 09:58:31.669012,60,33,42
2026-04-11 09:58:33.578441,39,112,42
2026-04-11 09:58:33.578513,28,108,42
2026-04-11 09:58:33.682838,99,75,47
2026-04-11 09:58:35.595709,79,26,28
2026-04-11 09:58:35.603583,70,52,30
2026-04-11 09:58:35.686410,71,57,36
2026-04-11 09:58:37.618577,88,82,36
2026-04-11 09:58:37.749029,48,14,50
2026-04-11 09:58:37.754754,24,7,47
2026-04-11 09:58:39.635640,72,86,51
2026-04-11 09:58:39.766544,49,70,43
2026-04-11 09:58:39.766730,44,100,26
2026-04-11 09:58:41.640568,28,62,55
2026-04-11 09:58:41.780718,88,92,31
2026-04-11 09:58:41.781082,63,6,29
2026-04-11 09:58:43.649978,66,96,53
2026-04-11 09:58:43.796439,100,38,58
2026-04-11 09:58:45.656775,45,76,53
2026-04-11 09:58:45.803679,90,75,33
2026-04-11 09:58:45.803874,37,46,34
2026-04-11 09:58:47.664297,82,41,46
2026-04-11 09:58:47.813278,64,76,27
2026-04-11 09:58:47.814349,21,15,34
2026-04-11 09:58:49.676326,82,11,43
2026-04-11 09:58:49.826651,38,110,48
2026-04-11 09:58:49.835373,63,14,43
2026-04-11 09:58:51.686101,63,35,44
2026-04-11 09:58:51.832025,85,25,35
2026-04-11 09:58:51.845899,79,77,31
2026-04-11 09:58:53.692870,72,111,52
2026-04-11 09:58:53.836776,77,79,36
2026-04-11 09:58:53.867562,28,16,57
2026-04-11 09:58:55.709687,67,82,54
2026-04-11 09:58:55.845006,53,3,49
2026-04-11 09:58:55.885448,98,46,54
2026-04-11 09:58:57.712471,71,63,42
2026-04-11 09:58:57.854054,39,17,39
2026-04-11 09:58:57.895441,77,45,36
2026-04-11 09:58:59.719048,25,59,28
2026-04-11 09:58:59.863939,64,66,27
2026-04-11 09:58:59.911459,38,111,26
2026-04-11 09:59:01.732800,53,54,31
2026-04-11 09:59:01.879812,28,39,30
2026-04-11 09:59:01.921861,66,40,49
2026-04-11 09:59:03.747187,85,71,34
2026-04-11 09:59:03.959207,83,93,49
2026-04-11 09:59:03.959752,58,51,39
2026-04-11 09:59:05.764444,40,76,48
2026-04-11 09:59:05.974571,53,98,43
2026-04-11 09:59:05.974681,84,79,59
2026-04-11 09:59:07.781803,38,21,42
2026-04-11 09:59:07.982432,91,71,58
2026-04-11 09:59:09.793330,35,46,39
2026-04-11 09:59:09.985929,27,61,57
2026-04-11 09:59:11.808728,80,14,55
2026-04-11 09:59:11.991399,67,80,27
2026-04-11 09:59:11.993883,21,15,60
2026-04-11 09:59:13.812075,42,76,49
2026-04-11 09:59:13.993827,42,24,26
2026-04-11 09:59:14.008386,86,113,25
2026-04-11 09:59:15.820998,93,22,50
2026-04-11 09:59:16.080421,46,83,48
2026-04-11 09:59:16.082294,46,38,37
2026-04-11 09:59:17.841349,36,111,32
2026-04-11 09:59:18.110055,65,74,52
2026-04-11 09:59:19.853720,75,52,39
2026-04-11 09:59:20.125443,52,109,53
2026-04-11 09:59:20.125520,70,20,56
2026-04-11 09:59:22.323676,79,97,31
2026-04-11 09:59:22.331002,60,81,55
2026-04-11 09:59:22.427738,60,27,56
2026-04-11 09:59:24.409734,28,72,32
2026-04-11 09:59:24.409948,28,119,28
2026-04-11 09:59:24.462657,77,89,58
2026-04-11 09:59:26.414661,55,17,55
2026-04-11 09:59:26.414636,88,26,30
2026-04-11 09:59:26.475835,66,22,57
2026-04-11 09:59:28.426200,78,80,28
2026-04-11 09:59:28.426329,50,31,43
2026-04-11 09:59:28.487358,66,27,49
2026-04-11 09:59:30.437103,87,45,47
2026-04-11 09:59:30.437859,29,96,54
2026-04-11 09:59:30.500342,95,61,47
2026-04-11 09:59:32.455690,40,42,57
2026-04-11 09:59:32.455715,76,0,54
2026-04-11 09:59:32.520396,72,77,59
2026-04-11 09:59:34.511475,31,104,25
2026-04-11 09:59:34.512049,97,19,49
2026-04-11 09:59:34.539669,84,95,57
2026-04-11 09:59:36.526730,31,39,39
2026-04-11 09:59:36.552693,93,105,54
2026-04-11 09:59:38.530515,34,9,30
2026-04-11 09:59:38.531631,20,84,37
2026-04-11 09:59:38.562405,39,29,60
2026-04-11 09:59:40.538215,52,58,38
2026-04-11 09:59:40.538633,42,43,33
2026-04-11 09:59:40.569038,79,18,51
2026-04-11 09:59:42.553504,59,27,28
2026-04-11 09:59:42.582973,34,112,55
2026-04-11 09:59:44.568040,84,58,58
2026-04-11 09:59:44.570241,27,5,44
2026-04-11 09:59:44.602364,25,83,47
2026-04-11 09:59:46.574551,97,19,56
2026-04-11 09:59:46.613652,92,84,33
2026-04-11 09:59:48.603703,100,61,42
2026-04-11 09:59:48.605831,68,43,55
2026-04-11 09:59:48.621163,80,27,29
2026-04-11 09:59:50.615810,59,98,33
2026-04-11 09:59:50.617984,40,105,27
2026-04-11 09:59:50.628472,55,70,43
2026-04-11 09:59:52.732168,88,69,59
2026-04-11 09:59:52.736012,96,9,44
2026-04-11 09:59:52.893680,44,53,31
2026-04-11 09:59:54.750406,81,37,49
2026-04-11 09:59:54.751209,48,55,52
2026-04-11 09:59:54.905053,91,27,25
2026-04-11 09:59:56.754481,32,54,49
2026-04-11 09:59:56.754731,91,57,52
2026-04-11 09:59:56.911263,64,95,49
2026-04-11 09:59:58.760163,24,30,58
2026-04-11 09:59:58.760804,34,23,52
2026-04-11 09:59:58.916052,46,28,36
2026-04-11 10:00:00.772298,36,94,38
2026-04-11 10:00:00.773045,30,6,35
2026-04-11 10:00:00.932026,93,104,36
2026-04-11 10:00:02.785686,78,99,25
2026-04-11 10:00:02.786011,38,86,40
2026-04-11 10:00:02.945798,82,63,44
2026-04-11 10:00:04.841676,82,37,46
2026-04-11 10:03:44.201933,50,13,47
2026-04-11 10:03:46.208790,79,30,29
2026-04-11 10:03:48.554792,68,110,58
2026-04-11 10:03:50.556716,32,55,37
2026-04-11 10:03:52.570820,48,32,41
2026-04-11 10:03:54.578791,43,72,37
2026-04-11 10:03:56.591490,37,33,32
2026-04-11 10:03:58.604245,64,23,26
2026-04-11 10:04:00.609443,52,1,41
2026-04-11 10:04:02.622909,53,33,36
2026-04-11 10:04:04.944157,85,106,59
2026-04-11 10:04:06.945960,93,33,50
2026-04-11 10:04:08.962720,84,89,49
2026-04-11 10:04:10.965142,36,53,35
2026-04-11 10:04:12.981877,70,48,33
2026-04-11 10:04:14.995944,63,23,43
2026-04-11 10:04:17.009087,51,112,25
2026-04-11 10:04:19.020478,48,88,37
2026-04-11 10:04:21.032311,43,103,33
2026-04-11 10:04:23.043262,71,93,29
2026-04-11 10:04:25.053117,78,42,27
2026-04-11 10:04:27.067255,83,73,33
2026-04-11 10:04:29.394115,86,49,51
2026-04-11 10:04:31.401360,97,36,31
2026-04-11 10:04:33.728941,90,110,60
2026-04-11 10:04:35.731512,60,31,38
2026-04-11 10:04:37.746609,96,57,46
2026-04-11 10:04:40.076013,22,114,31
2026-04-11 10:04:42.084932,48,82,28
2026-04-11 10:04:44.285412,41,97,37
2026-04-11 10:04:46.480167,78,72,45
2026-04-11 10:04:48.799620,96,95,56
2026-04-11 10:04:50.805437,67,69,35
2026-04-11 10:04:53.127913,88,80,59
2026-04-11 10:04:55.132606,80,18,43
2026-04-11 10:04:57.135588,98,47,34
2026-04-11 10:04:59.148307,35,113,38
2026-04-11 10:05:01.155552,28,66,40
2026-04-11 10:05:03.481985,36,73,59
2026-04-11 10:05:05.494280,36,120,46
2026-04-11 10:05:07.887741,71,107,58
2026-04-11 10:05:10.216389,48,101,54
2026-04-11 10:05:12.223339,26,100,50
2026-04-11 10:05:14.234357,82,60,36
2026-04-11 10:05:16.235525,54,5,46
2026-04-11 10:06:58.461821,44,55,49
2026-04-11 10:07:00.803593,24,48,56
2026-04-11 10:07:02.817840,78,58,28
2026-04-11 10:07:04.833386,96,35,47
2026-04-11 10:07:07.156981,46,120,53
2026-04-11 10:07:09.475725,43,66,54
2026-04-11 10:07:11.482933,45,49,50
2026-04-11 10:07:13.496814,71,75,25
2026-04-11 10:07:15.804425,32,3,52
2026-04-11 10:07:17.807252,72,120,44
2026-04-11 10:12:07.178972,47,54,41
2026-04-11 10:12:09.195271,98,62,36
2026-04-11 10:12:11.226932,52,49,46
2026-04-11 10:12:13.237507,87,16,39
2026-04-11 10:12:15.250647,65,12,41
2026-04-11 10:12:17.262009,34,102,30
2026-04-11 10:12:19.278548,63,18,53
2026-04-11 10:12:21.926744,36,15,30
2026-04-11 10:12:23.936727,66,78,59
2026-04-11 10:12:26.262408,82,105,56
2026-04-11 10:12:28.581127,34,90,27
2026-04-11 10:12:30.599492,68,12,37
2026-04-11 10:12:32.606584,65,51,51
2026-04-11 10:15:27.310008,39,49,59
2026-04-11 10:15:29.647856,63,2,29
2026-04-11 10:15:31.656750,59,3,36
2026-04-11 10:15:33.669190,59,18,43
2026-04-11 10:15:35.670656,58,101,56
2026-04-11 10:15:37.990068,27,42,57
2026-04-11 10:15:40.309937,45,34,30
2026-04-11 10:15:42.318495,93,41,45
2026-04-11 10:15:44.327542,69,16,56
2026-04-11 10:15:46.657104,54,95,48
2026-04-11 10:15:49.004605,46,71,31
2026-04-11 10:15:51.015862,94,113,33
2026-04-11 10:15:53.343810,59,2,59
2026-04-11 10:15:55.663081,73,111,46
2026-04-11 10:15:57.994764,44,92,39
2026-04-11 10:16:00.314061,26,7,39
2026-04-11 10:16:02.319534,84,101,59
2026-04-11 10:19:12.741417,77,5,52
2026-04-11 10:19:15.080914,47,22,32
2026-04-11 10:19:17.096491,83,8,46
2026-04-11 10:19:19.099064,56,60,26
2026-04-11 10:19:21.102999,31,19,42
2026-04-11 10:19:23.117144,42,120,43
2026-04-11 10:19:25.436538,72,85,54
2026-04-11 10:19:27.749104,65,51,54
2026-04-11 10:19:30.068385,70,5,40
2026-04-11 10:19:32.080971,73,74,44
2026-04-11 10:19:34.095682,96,52,55
2026-04-11 10:19:36.425948,75,2,25
2026-04-11 10:19:38.443331,71,76,46
2026-04-11 10:19:40.455779,64,40,51
2026-04-11 10:19:42.780112,67,43,31
2026-04-11 10:19:44.789484,53,31,29
2026-04-11 10:19:46.801247,62,47,53
2026-04-11 10:19:49.136703,77,9,37
2026-04-11 10:19:51.149287,29,34,38
2026-04-11 10:19:53.161271,30,69,60
2026-04-11 10:19:55.483767,97,79,27
2026-04-11 10:19:57.883320,80,34,59
2026-04-11 10:20:01.225819,80,51,27
2026-04-11 10:20:03.277937,54,64,40
2026-04-11 10:20:05.376918,56,40,37
2026-04-11 10:20:07.407242,88,64,41
2026-04-11 10:20:09.421798,51,17,58
2026-04-11 10:20:11.745451,68,0,36
2026-04-11 10:20:13.762610,98,18,48
2026-04-11 10:20:15.770095,59,53,54
2026-04-11 10:20:18.079866,71,33,26
2026-04-11 10:20:20.104708,52,79,46
2026-04-11 10:20:22.113354,29,4,28
2026-04-11 10:20:24.129664,72,57,30
2026-04-11 10:20:26.144957,95,23,56
2026-04-11 10:20:28.463114,93,68,25
2026-04-11 10:20:30.463910,48,14,31
2026-04-11 10:20:32.468130,97,62,29
2026-04-11 10:20:34.500935,33,34,45
2026-04-11 10:20:36.512773,20,58,43
2026-04-11 10:20:38.839940,20,77,33
2026-04-11 10:20:41.160208,77,21,27
2026-04-11 10:20:43.171244,50,70,37
2026-04-11 10:20:45.180784,82,46,43
2026-04-11 10:20:47.196143,34,75,42
2026-04-11 10:20:49.205510,21,23,35
2026-04-11 10:20:51.526323,52,77,26
2026-04-11 10:20:53.538128,64,11,60
2026-04-11 11:49:37.737132,71,79,32
2026-04-11 11:49:39.741823,90,24,47
2026-04-11 11:49:41.747209,80,18,27
2026-04-11 11:49:43.759804,84,43,31
2026-04-11 11:49:45.764348,67,27,55
2026-04-11 11:49:48.279440,56,30,39
2026-04-11 11:49:50.291737,34,32,29
2026-04-11 11:49:52.293389,47,80,45
2026-04-11 11:49:54.306839,34,76,29
2026-04-11 11:49:56.307986,62,70,57
2026-04-11 11:49:58.625993,25,5,53
2026-04-11 11:50:00.935296,25,52,55
2026-04-11 11:50:03.247699,20,58,25
2026-04-11 11:50:05.575504,73,59,55
2026-04-11 11:51:31.625538,33,8,29
2026-04-11 11:51:33.630981,26,11,50
2026-04-11 11:51:35.645368,46,71,35
2026-04-11 11:51:37.648351,27,41,48
2026-04-11 11:51:39.649538,40,6,41
2026-04-11 11:51:41.653955,78,61,41
2026-04-11 11:51:43.667852,76,37,25
2026-04-11 11:51:45.681483,93,71,36
2026-04-11 11:51:47.684874,99,59,54
2026-04-11 11:51:50.016531,88,46,32
2026-04-14 10:35:49.380981,25,16,41
2026-04-14 10:35:51.394528,84,75,48
2026-04-14 10:35:53.734126,27,71,52
2026-04-14 10:35:56.305325,84,24,38
2026-04-14 10:35:58.308598,39,9,59
2026-04-14 10:36:00.622217,34,12,47
2026-04-14 10:36:02.634965,23,50,33
2026-04-14 10:36:04.955545,58,27,30
2026-04-14 10:36:06.971837,33,4,30
2026-04-14 10:36:08.976256,84,64,57
2026-04-14 10:36:11.475254,77,58,36
2026-04-14 10:40:44.911694,30,54,47
2026-04-14 10:40:46.916805,77,57,53
2026-04-14 10:40:49.444932,64,59,32
2026-04-14 10:40:51.450120,51,51,28
2026-04-14 10:40:53.458239,100,45,36
2026-04-14 10:40:55.474160,84,36,60
2026-04-14 10:40:57.781617,54,63,51
2026-04-14 10:41:00.220999,22,78,46
2026-04-14 10:41:02.538193,82,44,37
2026-04-14 10:41:04.555957,74,70,27
2026-04-14 10:41:06.573912,28,61,30
2026-04-14 10:41:08.580789,65,73,56
2026-04-14 10:41:10.900293,83,18,36
2026-04-14 10:41:12.911361,61,4,28
2026-04-14 10:41:14.918695,80,11,30
2026-04-14 10:41:16.923292,44,21,46
2026-04-14 10:41:18.929154,20,62,26
2026-04-14 10:41:21.231955,64,55,54
2026-04-14 10:41:23.553254,60,62,58
2026-04-14 10:41:25.868857,22,73,55
2026-04-14 10:41:28.204592,100,54,51
2026-04-14 10:41:30.536217,30,15,42
2026-04-14 10:41:32.540105,89,42,43
2026-04-14 10:41:34.552067,26,56,42
2026-04-14 10:41:36.566416,90,14,52
2026-04-14 10:41:38.889265,69,19,58
2026-04-14 10:41:41.208767,57,0,42
2026-04-14 10:41:43.216522,66,61,56
2026-04-14 10:41:45.541460,38,22,29
2026-04-14 10:41:47.546353,66,57,53
2026-04-14 10:41:49.869314,44,6,40
2026-04-14 10:41:51.879822,98,42,35
2026-04-14 10:41:53.885206,73,20,35
2026-04-14 10:41:55.900361,94,0,48
2026-04-14 10:41:57.916157,42,24,36
2026-04-14 10:41:59.930196,85,95,34
2026-04-14 10:42:02.238619,39,62,44
2026-04-14 10:42:04.254548,34,87,46
2026-04-14 10:42:06.563494,33,9,40
2026-04-14 10:42:08.578223,74,31,31
2026-04-14 10:42:10.581886,84,29,38
2026-04-14 10:42:12.582912,74,55,41
2026-04-14 10:42:14.597872,83,105,42
2026-04-14 10:42:16.919007,25,52,48
2026-04-14 10:42:18.922310,84,9,41
2026-04-14 10:42:20.925229,21,54,36
2026-04-14 10:42:23.296493,71,68,31
2026-04-14 10:42:25.302718,84,68,32
2026-04-14 10:42:27.304344,73,7,28
2026-04-14 10:42:29.306042,44,23,34
2026-04-14 10:42:31.323105,94,9,59
2026-04-14 10:42:33.651290,44,23,52
2026-04-14 10:42:35.970584,40,31,37
2026-04-14 10:42:37.977048,31,14,55
2026-04-14 10:42:40.292006,59,50,48
2026-04-14 10:42:42.294043,67,77,41
2026-04-14 10:42:44.295541,49,35,51
2026-04-14 10:42:46.615007,98,49,30
2026-04-14 10:42:48.625144,26,57,26
2026-04-14 10:42:50.633522,39,66,54
2026-04-14 10:42:52.957216,79,25,31
2026-04-14 10:42:54.961094,56,56,31
2026-04-14 10:42:56.968396,69,70,60
2026-04-14 10:42:59.290125,57,77,26
2026-04-14 10:43:01.300720,70,59,53
2026-04-14 10:43:03.757230,85,6,44
2026-04-14 10:43:05.760626,27,78,40
2026-04-14 10:43:07.764561,81,39,26
2026-04-14 10:43:09.766415,38,13,57
2026-04-14 10:43:12.074273,43,54,41
2026-04-14 10:43:14.080536,28,9,31
2026-04-14 10:43:16.089344,72,19,32
2026-04-14 10:43:18.105374,89,44,26
2026-04-14 10:43:20.108347,56,14,30
2026-04-14 10:43:22.124342,23,78,43
2026-04-14 10:43:24.438334,50,11,34
2026-04-14 10:43:26.456222,58,10,47
2026-04-14 10:43:28.457286,48,60,33
2026-04-14 10:43:30.471711,86,71,41
2026-04-14 10:43:32.475848,57,21,48
2026-04-14 10:43:34.491604,84,32,25
2026-04-14 10:43:36.503757,61,3,57
2026-04-14 10:43:38.822956,30,71,56
2026-04-14 10:43:41.144763,79,68,44
